{
    "9.jpg": {
        "Stop_Sign": {
            "instance_0": {
                "centroid": [
                    904.025390625,
                    340.6290283203125
                ]
            },
            "instance_3": {
                "centroid": [
                    903.1368713378906,
                    426.3817443847656
                ]
            }
        },
        "Pickup_Truck": {
            "instance_1": {
                "centroid": [
                    316.45626068115234,
                    455.03736877441406
                ]
            }
        },
        "Car": {
            "instance_2": {
                "centroid": [
                    689.5862426757812,
                    481.07090759277344
                ]
            }
        }
    }
}