{
    "7.jpg": {
        "Car": {
            "instance_0": {
                "centroid": [
                    141.18161398172379,
                    515.8032836914062
                ]
            },
            "instance_1": {
                "centroid": [
                    643.8172302246094,
                    475.1947784423828
                ]
            },
            "instance_2": {
                "centroid": [
                    509.3040466308594,
                    471.69178771972656
                ]
            },
            "instance_3": {
                "centroid": [
                    381.4964294433594,
                    466.2266082763672
                ]
            },
            "instance_4": {
                "centroid": [
                    420.9651794433594,
                    464.5069885253906
                ]
            }
        }
    }
}