{
    "30.jpg": {
        "Person": {
            "instance_0": {
                "centroid": [
                    291.50970458984375,
                    506.6559143066406
                ]
            },
            "instance_2": {
                "centroid": [
                    329.0939483642578,
                    510.9729919433594
                ]
            },
            "instance_3": {
                "centroid": [
                    600.0932006835938,
                    465.9098815917969
                ]
            },
            "instance_9": {
                "centroid": [
                    505.3124542236328,
                    474.49591064453125
                ]
            }
        },
        "Stop_Sign": {
            "instance_1": {
                "centroid": [
                    1104.0285034179688,
                    334.99168395996094
                ]
            },
            "instance_6": {
                "centroid": [
                    1051.1207275390625,
                    371.2161407470703
                ]
            }
        },
        "Car": {
            "instance_4": {
                "centroid": [
                    1187.2050170898438,
                    590.6346893310547
                ]
            },
            "instance_5": {
                "centroid": [
                    1092.9544677734375,
                    547.4489898681641
                ]
            },
            "instance_8": {
                "centroid": [
                    50.242595333606005,
                    489.2573699951172
                ]
            },
            "instance_10": {
                "centroid": [
                    796.337890625,
                    471.1355895996094
                ]
            },
            "instance_11": {
                "centroid": [
                    390.7801971435547,
                    486.12457275390625
                ]
            },
            "instance_12": {
                "centroid": [
                    872.646728515625,
                    477.69801330566406
                ]
            },
            "instance_13": {
                "centroid": [
                    248.04722595214844,
                    499.58680725097656
                ]
            }
        },
        "Traffic_Light": {
            "instance_7": {
                "centroid": [
                    916.0328369140625,
                    238.6158447265625
                ]
            }
        }
    }
}