{
    "57.jpg": {
        "Pickup_Truck": {
            "instance_0": {
                "centroid": [
                    1107.2775268554688,
                    570.3213958740234
                ]
            }
        },
        "Car": {
            "instance_1": {
                "centroid": [
                    129.81666660308838,
                    443.36170959472656
                ]
            }
        }
    }
}