{
    "4.jpg": {
        "Traffic_Light": {
            "instance_0": {
                "centroid": [
                    465.47337341308594,
                    340.18321228027344
                ]
            },
            "instance_1": {
                "centroid": [
                    1115.2180786132812,
                    293.27701568603516
                ]
            },
            "instance_2": {
                "centroid": [
                    669.5060729980469,
                    329.58473205566406
                ]
            },
            "instance_3": {
                "centroid": [
                    372.56275939941406,
                    344.6020812988281
                ]
            },
            "instance_4": {
                "centroid": [
                    938.0596313476562,
                    246.03856658935547
                ]
            },
            "instance_5": {
                "centroid": [
                    566.0127563476562,
                    337.0848693847656
                ]
            },
            "instance_7": {
                "centroid": [
                    966.0036315917969,
                    225.6696014404297
                ]
            },
            "instance_8": {
                "centroid": [
                    1047.8004150390625,
                    287.2090835571289
                ]
            },
            "instance_13": {
                "centroid": [
                    1052.3023681640625,
                    264.8788833618164
                ]
            }
        },
        "Pickup_Truck": {
            "instance_6": {
                "centroid": [
                    963.6068725585938,
                    479.6610107421875
                ]
            }
        },
        "Car": {
            "instance_9": {
                "centroid": [
                    161.02443347126245,
                    598.6332244873047
                ]
            },
            "instance_10": {
                "centroid": [
                    433.0986785888672,
                    507.18174743652344
                ]
            },
            "instance_11": {
                "centroid": [
                    538.0454254150391,
                    477.4470672607422
                ]
            },
            "instance_12": {
                "centroid": [
                    1192.3194580078125,
                    469.90248107910156
                ]
            },
            "instance_14": {
                "centroid": [
                    683.9122009277344,
                    507.73976135253906
                ]
            },
            "instance_15": {
                "centroid": [
                    331.09352111816406,
                    484.36639404296875
                ]
            }
        }
    }
}