{
    "9.jpg": {
        "Stop_Sign": [
            {
                "centroid": [
                    904.025390625,
                    340.6290283203125
                ],
                "depth": 2.539923667907715
            },
            {
                "centroid": [
                    903.1368713378906,
                    426.3817443847656
                ],
                "depth": 3.021271228790283
            }
        ],
        "Pickup_Truck": [
            {
                "centroid": [
                    316.45626068115234,
                    455.03736877441406
                ],
                "depth": 3.9214894771575928
            }
        ],
        "Car": [
            {
                "centroid": [
                    689.5862426757812,
                    481.07090759277344
                ],
                "depth": 2.3635847568511963
            }
        ]
    }
}