{
    "21.jpg": {
        "Traffic_Light": {
            "instance_0": {
                "centroid": [
                    537.5852661132812,
                    332.52569580078125
                ]
            },
            "instance_1": {
                "centroid": [
                    632.6073608398438,
                    334.7492218017578
                ]
            },
            "instance_2": {
                "centroid": [
                    8.848226833254131,
                    320.7773132324219
                ]
            },
            "instance_3": {
                "centroid": [
                    185.74222564697266,
                    317.8791198730469
                ]
            },
            "instance_6": {
                "centroid": [
                    659.0261840820312,
                    361.00811767578125
                ]
            },
            "instance_11": {
                "centroid": [
                    453.77552795410156,
                    415.48060607910156
                ]
            }
        },
        "Pickup_Truck": {
            "instance_4": {
                "centroid": [
                    366.40453338623047,
                    494.99452209472656
                ]
            }
        },
        "Car": {
            "instance_5": {
                "centroid": [
                    643.2586975097656,
                    500.4986877441406
                ]
            },
            "instance_7": {
                "centroid": [
                    502.5199737548828,
                    480.2227478027344
                ]
            },
            "instance_8": {
                "centroid": [
                    1251.7657470703125,
                    474.1925048828125
                ]
            },
            "instance_9": {
                "centroid": [
                    804.9007263183594,
                    466.89483642578125
                ]
            },
            "instance_10": {
                "centroid": [
                    1087.6220703125,
                    466.1603546142578
                ]
            },
            "instance_12": {
                "centroid": [
                    145.6243438720703,
                    479.82093811035156
                ]
            }
        }
    },
    "40.jpg": {
        "Car": {
            "instance_0": {
                "centroid": [
                    292.35777282714844,
                    495.0460205078125
                ]
            }
        }
    }
}