{
    "21.jpg": {
        "Person": {
            "instance_0": {
                "centroid": [
                    1086.0420532226562,
                    486.37806701660156
                ]
            },
            "instance_1": {
                "centroid": [
                    1191.3518676757812,
                    493.9595184326172
                ]
            },
            "instance_2": {
                "centroid": [
                    1008.3730163574219,
                    510.6447448730469
                ]
            },
            "instance_3": {
                "centroid": [
                    956.9176940917969,
                    513.9382934570312
                ]
            },
            "instance_4": {
                "centroid": [
                    989.66943359375,
                    514.5524597167969
                ]
            },
            "instance_13": {
                "centroid": [
                    953.5814514160156,
                    475.84315490722656
                ]
            }
        },
        "Stop_Sign": {
            "instance_5": {
                "centroid": [
                    176.35011291503906,
                    427.144287109375
                ]
            }
        },
        "Pickup_Truck": {
            "instance_6": {
                "centroid": [
                    397.0406494140625,
                    491.95343017578125
                ]
            }
        },
        "Traffic_Light": {
            "instance_7": {
                "centroid": [
                    505.1093292236328,
                    388.25025939941406
                ]
            },
            "instance_9": {
                "centroid": [
                    984.8920288085938,
                    268.8719787597656
                ]
            },
            "instance_12": {
                "centroid": [
                    561.7861328125,
                    396.4059295654297
                ]
            }
        },
        "Car": {
            "instance_8": {
                "centroid": [
                    655.1881408691406,
                    513.6497344970703
                ]
            },
            "instance_10": {
                "centroid": [
                    533.8162078857422,
                    465.74122619628906
                ]
            },
            "instance_11": {
                "centroid": [
                    24.144879408180714,
                    484.52198791503906
                ]
            }
        }
    },
    "5.jpg": {
        "Traffic_Light": {
            "instance_0": {
                "centroid": [
                    284.76451110839844,
                    284.5706787109375
                ]
            },
            "instance_1": {
                "centroid": [
                    481.23646545410156,
                    338.00819396972656
                ]
            },
            "instance_2": {
                "centroid": [
                    592.3707580566406,
                    334.83567810058594
                ]
            },
            "instance_3": {
                "centroid": [
                    33.0846471786499,
                    294.67926025390625
                ]
            },
            "instance_9": {
                "centroid": [
                    827.9892578125,
                    306.66294860839844
                ]
            },
            "instance_11": {
                "centroid": [
                    846.3763732910156,
                    307.34210205078125
                ]
            },
            "instance_13": {
                "centroid": [
                    823.0977783203125,
                    307.38665771484375
                ]
            }
        },
        "Person": {
            "instance_4": {
                "centroid": [
                    817.6662902832031,
                    452.8909149169922
                ]
            },
            "instance_12": {
                "centroid": [
                    228.5129852294922,
                    455.78489685058594
                ]
            }
        },
        "Car": {
            "instance_5": {
                "centroid": [
                    640.3353576660156,
                    500.5323028564453
                ]
            },
            "instance_6": {
                "centroid": [
                    224.10750579833984,
                    484.6182861328125
                ]
            },
            "instance_7": {
                "centroid": [
                    397.8656921386719,
                    480.7174530029297
                ]
            },
            "instance_8": {
                "centroid": [
                    110.60933113098145,
                    475.8568115234375
                ]
            },
            "instance_10": {
                "centroid": [
                    302.4260711669922,
                    473.35035705566406
                ]
            }
        }
    },
    "26.jpg": {
        "Traffic_Light": {
            "instance_0": {
                "centroid": [
                    653.3569030761719,
                    367.14215087890625
                ]
            },
            "instance_1": {
                "centroid": [
                    650.0733642578125,
                    368.85374450683594
                ]
            },
            "instance_2": {
                "centroid": [
                    552.7290649414062,
                    368.326904296875
                ]
            },
            "instance_5": {
                "centroid": [
                    467.50096130371094,
                    358.75328063964844
                ]
            },
            "instance_6": {
                "centroid": [
                    552.5106811523438,
                    363.91957092285156
                ]
            },
            "instance_7": {
                "centroid": [
                    454.22630310058594,
                    357.91619873046875
                ]
            },
            "instance_8": {
                "centroid": [
                    649.8586730957031,
                    363.1417999267578
                ]
            },
            "instance_9": {
                "centroid": [
                    567.5790405273438,
                    372.47569274902344
                ]
            },
            "instance_11": {
                "centroid": [
                    664.2339782714844,
                    376.83021545410156
                ]
            },
            "instance_12": {
                "centroid": [
                    471.68328857421875,
                    357.55906677246094
                ]
            },
            "instance_13": {
                "centroid": [
                    566.2133178710938,
                    378.47813415527344
                ]
            }
        },
        "Car": {
            "instance_3": {
                "centroid": [
                    412.79022216796875,
                    486.9944305419922
                ]
            },
            "instance_10": {
                "centroid": [
                    23.111198261380196,
                    493.4594268798828
                ]
            },
            "instance_14": {
                "centroid": [
                    614.2240295410156,
                    509.2064971923828
                ]
            }
        },
        "Person": {
            "instance_4": {
                "centroid": [
                    989.4077453613281,
                    426.0456085205078
                ]
            }
        }
    }
}