{
    "48.jpg": {
        "Stop_Sign": {
            "instance_0": {
                "centroid": [
                    784.1171264648438,
                    351.886474609375
                ]
            }
        },
        "Traffic_Light": {
            "instance_1": {
                "centroid": [
                    782.0213928222656,
                    265.1045227050781
                ]
            }
        },
        "Car": {
            "instance_2": {
                "centroid": [
                    293.36775970458984,
                    495.3837432861328
                ]
            },
            "instance_4": {
                "centroid": [
                    50.829124450683594,
                    507.4292449951172
                ]
            },
            "instance_5": {
                "centroid": [
                    341.5280303955078,
                    487.3265075683594
                ]
            }
        },
        "Person": {
            "instance_3": {
                "centroid": [
                    464.3912658691406,
                    474.5164489746094
                ]
            }
        }
    },
    "40.jpg": {
        "Person": {
            "instance_0": {
                "centroid": [
                    898.9109497070312,
                    478.5047149658203
                ]
            },
            "instance_1": {
                "centroid": [
                    950.4189758300781,
                    481.5679168701172
                ]
            }
        },
        "Car": {
            "instance_2": {
                "centroid": [
                    499.21583557128906,
                    465.26507568359375
                ]
            },
            "instance_4": {
                "centroid": [
                    384.6609344482422,
                    483.44419860839844
                ]
            },
            "instance_5": {
                "centroid": [
                    597.5821228027344,
                    480.3397674560547
                ]
            }
        },
        "Traffic_Light": {
            "instance_3": {
                "centroid": [
                    247.1004409790039,
                    415.0508270263672
                ]
            }
        }
    }
}