{
    "19.jpg": {
        "Car": {
            "instance_0": {
                "centroid": [
                    482.5030822753906,
                    472.5641784667969
                ]
            },
            "instance_1": {
                "centroid": [
                    355.75128173828125,
                    484.8984680175781
                ]
            },
            "instance_2": {
                "centroid": [
                    631.6870422363281,
                    479.0752258300781
                ]
            },
            "instance_3": {
                "centroid": [
                    203.12641143798828,
                    468.48590087890625
                ]
            },
            "instance_4": {
                "centroid": [
                    559.0022277832031,
                    464.7536926269531
                ]
            }
        }
    }
}