{
    "57.jpg": {
        "Pickup_Truck": [
            {
                "centroid": [
                    1107.2775268554688,
                    570.3213958740234
                ],
                "depth": 1.5928895473480225
            }
        ],
        "Car": [
            {
                "centroid": [
                    129.81666660308838,
                    443.36170959472656
                ],
                "depth": 3.7652533054351807
            }
        ]
    }
}